election_id,district_id,candidate_name,candidate_party,candidate_incumbent,candidate_winner,(candidate URL)
OPID:001,OPID:011,Renee Ellmers,Rep,Yes,Yes,https://ballotpedia.org/Renee_Ellmers
OPID:001,OPID:011,Steve Wilkins,Dem,No,No,https://ballotpedia.org/Steve_Wilkins
OPID:001,OPID:011,Brian Irving,Lib,No,No,https://ballotpedia.org/Brian_Irving
OPID:001,OPID:012,David E. Price,Dem,Yes,Yes,https://ballotpedia.org/David_Price
OPID:001,OPID:012,Tim D'Annunzio,Rep,No,No,https://ballotpedia.org/Tim_D%27Annunzio
OPID:001,OPID:013,Howard Coble,Rep,Yes,Yes,https://ballotpedia.org/Howard_Coble
OPID:001,OPID:013,Tony Foriest,Dem,No,No,https://ballotpedia.org/Tony_Foriest
OPID:001,OPID:014,Mike McIntyre,Dem,Yes,Yes,https://ballotpedia.org/Mike_McIntyre
OPID:001,OPID:014,David Rouzer,Rep,No,No,https://ballotpedia.org/David_Rouzer
OPID:002,OPID:011,Renee Ellmers,Rep,Yes,Yes,https://ballotpedia.org/Renee_Ellmers
OPID:002,OPID:011,Clay Aiken,Dem,No,No,https://ballotpedia.org/Clay_Aiken
OPID:002,OPID:012,David E. Price,Dem,Yes,Yes,https://ballotpedia.org/David_Price
OPID:002,OPID:012,Paul Wright,Rep,No,No,https://ballotpedia.org/Paul_Wright
OPID:002,OPID:013,Mark Walker,Rep,No,Yes,https://ballotpedia.org/Mark_Walker_(North_Carolina)
OPID:002,OPID:013,Laura Fjeld,Dem,No,No,https://ballotpedia.org/Laura_Fjeld
OPID:002,OPID:014,David Rouzer,Rep,No,Yes,https://ballotpedia.org/David_Rouzer
OPID:002,OPID:014,"Jonathan Barfield, Jr.",Dem,No,No,"https://ballotpedia.org/Jonathan_Barfield,_Jr."
OPID:002,OPID:014,Wesley Casteen,Lib,No,No,https://ballotpedia.org/J._Wesley_Casteen
OPID:003,OPID:015,George Holding,Rep,No,Yes,https://ballotpedia.org/George_Holding
OPID:003,OPID:015,John McNeil,Dem,No,No,https://ballotpedia.org/John_McNeil_(North_Carolina)
OPID:003,OPID:016,Mark Walker,Rep,Yes,Yes,https://ballotpedia.org/Mark_Walker_(North_Carolina)
OPID:003,OPID:016,Pete Glidewell,Dem,No,No,https://ballotpedia.org/Pete_Glidewell
OPID:003,OPID:017,David Rouzer,Rep,Yes,Yes,https://ballotpedia.org/David_Rouzer
OPID:003,OPID:017,J. Wesley Casteen,Dem,No,No,https://ballotpedia.org/J._Wesley_Casteen