election_id,district_id,candidate_name,candidate_party,candidate_incumbent,candidate_winner,source_id,(candidate URL)
OPID:1360711279,OPID:1360711285,Renee Ellmers,Rep,Yes,Yes,OPID:1360711307,https://ballotpedia.org/Renee_Ellmers
OPID:1360711279,OPID:1360711285,Steve Wilkins,Dem,No,No,OPID:1360711307,https://ballotpedia.org/Steve_Wilkins
OPID:1360711279,OPID:1360711285,Brian Irving,Lib,No,No,OPID:1360711307,https://ballotpedia.org/Brian_Irving
OPID:1360711279,OPID:1360711289,David E. Price,Dem,Yes,Yes,OPID:1360711307,https://ballotpedia.org/David_Price
OPID:1360711279,OPID:1360711289,Tim D'Annunzio,Rep,No,No,OPID:1360711307,https://ballotpedia.org/Tim_D%27Annunzio
OPID:1360711279,OPID:1360711291,Howard Coble,Rep,Yes,Yes,OPID:1360711307,https://ballotpedia.org/Howard_Coble
OPID:1360711279,OPID:1360711291,Tony Foriest,Dem,No,No,OPID:1360711307,https://ballotpedia.org/Tony_Foriest
OPID:1360711279,OPID:1360711293,Mike McIntyre,Dem,Yes,Yes,OPID:1360711307,https://ballotpedia.org/Mike_McIntyre
OPID:1360711279,OPID:1360711293,David Rouzer,Rep,No,No,OPID:1360711307,https://ballotpedia.org/David_Rouzer
OPID:1360711281,OPID:1360711285,Renee Ellmers,Rep,Yes,Yes,OPID:1360711309,https://ballotpedia.org/Renee_Ellmers
OPID:1360711281,OPID:1360711285,Clay Aiken,Dem,No,No,OPID:1360711309,https://ballotpedia.org/Clay_Aiken
OPID:1360711281,OPID:1360711289,David E. Price,Dem,Yes,Yes,OPID:1360711309,https://ballotpedia.org/David_Price
OPID:1360711281,OPID:1360711289,Paul Wright,Rep,No,No,OPID:1360711309,https://ballotpedia.org/Paul_Wright
OPID:1360711281,OPID:1360711291,Mark Walker,Rep,No,Yes,OPID:1360711309,https://ballotpedia.org/Mark_Walker_(North_Carolina)
OPID:1360711281,OPID:1360711291,Laura Fjeld,Dem,No,No,OPID:1360711309,https://ballotpedia.org/Laura_Fjeld
OPID:1360711281,OPID:1360711293,David Rouzer,Rep,No,Yes,OPID:1360711309,https://ballotpedia.org/David_Rouzer
OPID:1360711281,OPID:1360711293,"Jonathan Barfield, Jr.",Dem,No,No,OPID:1360711309,"https://ballotpedia.org/Jonathan_Barfield,_Jr."
OPID:1360711281,OPID:1360711293,Wesley Casteen,Lib,No,No,OPID:1360711309,https://ballotpedia.org/J._Wesley_Casteen
OPID:1360711283,OPID:1360711295,George Holding,Rep,No,Yes,OPID:1360711311,https://ballotpedia.org/George_Holding
OPID:1360711283,OPID:1360711295,John McNeil,Dem,No,No,OPID:1360711311,https://ballotpedia.org/John_McNeil_(North_Carolina)
OPID:1360711283,OPID:1360711297,Mark Walker,Rep,Yes,Yes,OPID:1360711311,https://ballotpedia.org/Mark_Walker_(North_Carolina)
OPID:1360711283,OPID:1360711297,Pete Glidewell,Dem,No,No,OPID:1360711311,https://ballotpedia.org/Pete_Glidewell
OPID:1360711283,OPID:1360711299,David Rouzer,Rep,Yes,Yes,OPID:1360711311,https://ballotpedia.org/David_Rouzer
OPID:1360711283,OPID:1360711299,J. Wesley Casteen,Dem,No,No,OPID:1360711311,https://ballotpedia.org/J._Wesley_Casteen