district_id,state_id,district_plan,district_name,chamber_name,shape_id,source_id
OPID:011,FIPS:37,NC5,U.S. House District 2,U.S. House of Representatives,PSID:1360703401,OPID:022
OPID:012,FIPS:37,NC5,U.S. House District 4,U.S. House of Representatives,PSID:1360703407,OPID:022
OPID:013,FIPS:37,NC5,U.S. House District 6,U.S. House of Representatives,PSID:1360703409,OPID:022
OPID:014,FIPS:37,NC5,U.S. House District 7,U.S. House of Representatives,PSID:1360703413,OPID:022
OPID:015,FIPS:37,NC5.1,U.S. House District 2,U.S. House of Representatives,PSID:1360703405,OPID:022
OPID:016,FIPS:37,NC5.1,U.S. House District 6,U.S. House of Representatives,PSID:1360703411,OPID:022
OPID:017,FIPS:37,NC5.1,U.S. House District 7,U.S. House of Representatives,PSID:1360703415,OPID:022