district_id,state_id,district_plan,district_name,chamber_name,shape_id,source_id
OPID:1360711285,FIPS:37,NC5,U.S. House District 2,U.S. House of Representatives,PSID:1360703401,OPID:1360711303
OPID:1360711289,FIPS:37,NC5,U.S. House District 4,U.S. House of Representatives,PSID:1360703407,OPID:1360711303
OPID:1360711291,FIPS:37,NC5,U.S. House District 6,U.S. House of Representatives,PSID:1360703409,OPID:1360711303
OPID:1360711293,FIPS:37,NC5,U.S. House District 7,U.S. House of Representatives,PSID:1360703413,OPID:1360711303
OPID:1360711295,FIPS:37,NC5.1,U.S. House District 2,U.S. House of Representatives,PSID:1360703405,OPID:1360711303
OPID:1360711297,FIPS:37,NC5.1,U.S. House District 6,U.S. House of Representatives,PSID:1360703411,OPID:1360711303
OPID:1360711299,FIPS:37,NC5.1,U.S. House District 7,U.S. House of Representatives,PSID:1360703415,OPID:1360711303