election_id,district_id,county_id,county_name,precinct_name,shape_id,(shape type),(district number)
OPID:001,OPID:011,FIPS:37001,ALAMANCE,01_PATTERSON,PSID:1158854937,precinct,2
OPID:001,OPID:013,FIPS:37001,ALAMANCE,02_COBLE,PSID:1158848961,precinct,6
OPID:001,OPID:013,FIPS:37001,ALAMANCE,035_BOONE 5,PSID:1158850573,precinct,6
OPID:001,OPID:013,FIPS:37001,ALAMANCE,03C_CENTRAL BOONE,PSID:1158854377,precinct,6
OPID:001,OPID:013,FIPS:37001,ALAMANCE,03N2_NORTH BOONE 2,PSID:1158850109,precinct,6
OPID:001,OPID:013,FIPS:37001,ALAMANCE,03N_NORTH BOONE,PSID:1158852503,precinct,6
OPID:001,OPID:013,FIPS:37001,ALAMANCE,03S_SOUTH BOONE,PSID:1158851219,precinct,6
OPID:001,OPID:013,FIPS:37001,ALAMANCE,03W_WEST BOONE,PSID:1158851533,precinct,6
OPID:001,OPID:013,FIPS:37001,ALAMANCE,04_MORTON,PSID:1158849677,precinct,6
OPID:001,OPID:013,FIPS:37001,ALAMANCE,05_FAUCETTE,PSID:1158850461,precinct,6
OPID:001,OPID:012,FIPS:37001,ALAMANCE,063_GRAHAM 3,PSID:1158852203,precinct,4
OPID:001,OPID:013,FIPS:37001,ALAMANCE,064_GRAHAM 4,PSID:1158853493,precinct,6
OPID:001,OPID:013,FIPS:37001,ALAMANCE,06E_EAST GRAHAM,PSID:1158853567,precinct,6
OPID:001,OPID:012,FIPS:37001,ALAMANCE,06N_NORTH GRAHAM,PSID:1158851971,precinct,4
OPID:001,OPID:013,FIPS:37001,ALAMANCE,06S_SOUTH GRAHAM,PSID:1158853279,precinct,6
OPID:001,OPID:013,FIPS:37001,ALAMANCE,06W_WEST GRAHAM,PSID:1158852823,precinct,6
OPID:001,OPID:013,FIPS:37001,ALAMANCE,07_ALBRIGHT,PSID:1158850389,precinct,6
OPID:001,OPID:013,FIPS:37001,ALAMANCE,08N_NORTH NEWLIN,PSID:1158854655,precinct,6
OPID:001,OPID:013,FIPS:37001,ALAMANCE,08S_SOUTH NEWLIN,PSID:1158851773,precinct,6
OPID:001,OPID:013,FIPS:37001,ALAMANCE,09N_NORTH THOMPSON,PSID:1158852379,precinct,6
OPID:001,OPID:013,FIPS:37001,ALAMANCE,09S_SOUTH THOMPSON,PSID:1158854351,precinct,6
OPID:001,OPID:013,FIPS:37001,ALAMANCE,103_MELVILLE 3,PSID:1158848867,precinct,6
OPID:001,OPID:013,FIPS:37001,ALAMANCE,10N_NORTH MELVILLE,PSID:1158854423,precinct,6
OPID:001,OPID:013,FIPS:37001,ALAMANCE,10S_SOUTH MELVILLE,PSID:1158854353,precinct,6
OPID:001,OPID:012,FIPS:37001,ALAMANCE,11_PLEASANT GROVE,PSID:1158853003,precinct,4
OPID:001,OPID:013,FIPS:37001,ALAMANCE,1210_BURLINGTON 10,PSID:1158849651,precinct,6
OPID:001,OPID:013,FIPS:37001,ALAMANCE,124_BURLINGTON 4,PSID:1158849483,precinct,6
OPID:001,OPID:013,FIPS:37001,ALAMANCE,125_BURLINGTON 5,PSID:1158852511,precinct,6
OPID:001,OPID:013,FIPS:37001,ALAMANCE,126_BURLINGTON 6,PSID:1158854523,precinct,6
OPID:001,OPID:012,FIPS:37001,ALAMANCE,127_BURLINGTON 7,PSID:1158854075,precinct,4
OPID:001,OPID:012,FIPS:37001,ALAMANCE,128_BURLINGTON 8,PSID:1158851001,precinct,4
OPID:001,OPID:013,FIPS:37001,ALAMANCE,129_BURLINGTON 9,PSID:1158853075,precinct,6
OPID:001,OPID:012,FIPS:37001,ALAMANCE,12E_EAST BURLINGTON,PSID:1158851797,precinct,4
OPID:001,OPID:012,FIPS:37001,ALAMANCE,12N_NORTH BURLINGTON,PSID:1158853479,precinct,4
OPID:001,OPID:012,FIPS:37001,ALAMANCE,12S_SOUTH BURLINGTON,PSID:1158854793,precinct,4
OPID:001,OPID:013,FIPS:37001,ALAMANCE,12W_WEST BURLINGTON,PSID:1158851089,precinct,6
OPID:001,OPID:012,FIPS:37001,ALAMANCE,13_HAW RIVER,PSID:1158849879,precinct,4
OPID:001,OPID:013,FIPS:37001,ALAMANCE,13_HAW RIVER,PSID:1158849879,precinct,6
OPID:001,OPID:011,FIPS:37001,ALAMANCE,ABSENTEE BY MAIL,PSID:1158855845,county,2
OPID:001,OPID:011,FIPS:37001,ALAMANCE,CURBSIDE,PSID:1158855845,county,2
OPID:001,OPID:011,FIPS:37001,ALAMANCE,PROVISIONAL,PSID:1158855845,county,2
OPID:001,OPID:012,FIPS:37001,ALAMANCE,ABSENTEE BY MAIL,PSID:1158855845,county,4
OPID:001,OPID:012,FIPS:37001,ALAMANCE,CURBSIDE,PSID:1158855845,county,4
OPID:001,OPID:012,FIPS:37001,ALAMANCE,PROVISIONAL,PSID:1158855845,county,4
OPID:001,OPID:013,FIPS:37001,ALAMANCE,ABSENTEE BY MAIL,PSID:1158855845,county,6
OPID:001,OPID:013,FIPS:37001,ALAMANCE,CURBSIDE,PSID:1158855845,county,6
OPID:001,OPID:013,FIPS:37001,ALAMANCE,PROVISIONAL,PSID:1158855845,county,6
OPID:001,OPID:014,FIPS:37101,JOHNSTON,ABSENTEE BY MAIL,PSID:1158855987,county,7
OPID:001,OPID:014,FIPS:37101,JOHNSTON,ONE STOP,PSID:1158855987,county,7
OPID:001,OPID:014,FIPS:37101,JOHNSTON,PR04_BENTONVILLE,PSID:1158853533,precinct,7
OPID:001,OPID:014,FIPS:37101,JOHNSTON,PR07_NORTH BOON HILL,PSID:1158850349,precinct,7
OPID:001,OPID:014,FIPS:37101,JOHNSTON,PR08_SOUTH BOON HILL,PSID:1158850291,precinct,7
OPID:001,OPID:014,FIPS:37101,JOHNSTON,PR09_EAST CLAYTON,PSID:1158852693,precinct,7
OPID:001,OPID:014,FIPS:37101,JOHNSTON,PR10A_NORTH CLAYTON 1,PSID:1158849935,precinct,7
OPID:001,OPID:014,FIPS:37101,JOHNSTON,PR10B_NORTH CLAYTON 2,PSID:1158854395,precinct,7
OPID:001,OPID:014,FIPS:37101,JOHNSTON,PR11A_WEST CLAYTON 1,PSID:1158851127,precinct,7
OPID:001,OPID:014,FIPS:37101,JOHNSTON,PR11B_WEST CLAYTON 2,PSID:1158851275,precinct,7
OPID:001,OPID:014,FIPS:37101,JOHNSTON,PR12A_NORTH CLEVELAND 1,PSID:1158852281,precinct,7
OPID:001,OPID:014,FIPS:37101,JOHNSTON,PR12B_NORTH CLEVELAND 2,PSID:1158851381,precinct,7
OPID:001,OPID:014,FIPS:37101,JOHNSTON,PR13_NORTH ELEVATION,PSID:1158852415,precinct,7
OPID:001,OPID:014,FIPS:37101,JOHNSTON,PR14_SOUTH ELEVATION,PSID:1158854003,precinct,7
OPID:001,OPID:014,FIPS:37101,JOHNSTON,PR19_MICRO,PSID:1158854357,precinct,7
OPID:001,OPID:014,FIPS:37101,JOHNSTON,PR20_NORTH ONEALS,PSID:1158854881,precinct,7
OPID:001,OPID:014,FIPS:37101,JOHNSTON,PR21_SOUTH ONEALS,PSID:1158855055,precinct,7
OPID:001,OPID:014,FIPS:37101,JOHNSTON,PR22_PINE LEVEL,PSID:1158852521,precinct,7
OPID:001,OPID:014,FIPS:37101,JOHNSTON,PR23A_NORTH PLEASANT GROVE 1,PSID:1158855013,precinct,7
OPID:001,OPID:014,FIPS:37101,JOHNSTON,PR23B_NORTH PLEASANT GROVE 2,PSID:1158852209,precinct,7
OPID:001,OPID:014,FIPS:37101,JOHNSTON,PR24_EAST SELMA,PSID:1158850615,precinct,7
OPID:001,OPID:014,FIPS:37101,JOHNSTON,PR25_WEST SELMA,PSID:1158852401,precinct,7
OPID:001,OPID:014,FIPS:37101,JOHNSTON,PR26_EAST SMITHFIELD,PSID:1158851449,precinct,7
OPID:001,OPID:014,FIPS:37101,JOHNSTON,PR27A_NORTH SMITHFIELD 1,PSID:1158852937,precinct,7
OPID:001,OPID:014,FIPS:37101,JOHNSTON,PR27B_NORTH SMITHFIELD 2,PSID:1158852229,precinct,7
OPID:001,OPID:014,FIPS:37101,JOHNSTON,PR28_SOUTH SMITHFIELD,PSID:1158852215,precinct,7
OPID:001,OPID:014,FIPS:37101,JOHNSTON,PR29A_ARCHERS LODGE,PSID:1158850771,precinct,7
OPID:001,OPID:014,FIPS:37101,JOHNSTON,PR29B_FLOWERS PLANTATION,PSID:1158853551,precinct,7
OPID:001,OPID:014,FIPS:37101,JOHNSTON,PR30_WILSONS MILLS,PSID:1158855043,precinct,7
OPID:001,OPID:014,FIPS:37101,JOHNSTON,PR31A_SOUTHEAST CLEVELAND,PSID:1158851603,precinct,7
OPID:001,OPID:014,FIPS:37101,JOHNSTON,PR31B_SOUTHWEST CLEVELAND,PSID:1158852659,precinct,7
OPID:001,OPID:014,FIPS:37101,JOHNSTON,PR32_NORTH WILDERS,PSID:1158849139,precinct,7
OPID:001,OPID:014,FIPS:37101,JOHNSTON,PR33_SOUTH PLEASANT GROVE,PSID:1158849417,precinct,7
OPID:001,OPID:014,FIPS:37101,JOHNSTON,PR34_SOUTH CLAYTON,PSID:1158848977,precinct,7
OPID:001,OPID:014,FIPS:37101,JOHNSTON,PR35_BANNER,PSID:1158853643,precinct,7
OPID:001,OPID:014,FIPS:37101,JOHNSTON,PR36_BEULAH,PSID:1158853423,precinct,7
OPID:001,OPID:014,FIPS:37101,JOHNSTON,PR37_INGRAMS,PSID:1158853193,precinct,7
OPID:001,OPID:014,FIPS:37101,JOHNSTON,PR38_MEADOW,PSID:1158854233,precinct,7
OPID:001,OPID:014,FIPS:37101,JOHNSTON,PROVISIONAL,PSID:1158855987,county,7
OPID:002,OPID:011,FIPS:37001,ALAMANCE,01,PSID:1158854937,precinct,2
OPID:002,OPID:013,FIPS:37001,ALAMANCE,02,PSID:1158848961,precinct,6
OPID:002,OPID:013,FIPS:37001,ALAMANCE,035,PSID:1158850573,precinct,6
OPID:002,OPID:013,FIPS:37001,ALAMANCE,03C,PSID:1158854377,precinct,6
OPID:002,OPID:013,FIPS:37001,ALAMANCE,03N,PSID:1158852503,precinct,6
OPID:002,OPID:013,FIPS:37001,ALAMANCE,03N2,PSID:1158850109,precinct,6
OPID:002,OPID:013,FIPS:37001,ALAMANCE,03S,PSID:1158851219,precinct,6
OPID:002,OPID:013,FIPS:37001,ALAMANCE,03W,PSID:1158851533,precinct,6
OPID:002,OPID:013,FIPS:37001,ALAMANCE,04,PSID:1158849677,precinct,6
OPID:002,OPID:013,FIPS:37001,ALAMANCE,05,PSID:1158850461,precinct,6
OPID:002,OPID:012,FIPS:37001,ALAMANCE,063,PSID:1158852203,precinct,4
OPID:002,OPID:013,FIPS:37001,ALAMANCE,064,PSID:1158853493,precinct,6
OPID:002,OPID:013,FIPS:37001,ALAMANCE,06E,PSID:1158853567,precinct,6
OPID:002,OPID:012,FIPS:37001,ALAMANCE,06N,PSID:1158851971,precinct,4
OPID:002,OPID:013,FIPS:37001,ALAMANCE,06S,PSID:1158853279,precinct,6
OPID:002,OPID:013,FIPS:37001,ALAMANCE,06W,PSID:1158852823,precinct,6
OPID:002,OPID:013,FIPS:37001,ALAMANCE,07,PSID:1158850389,precinct,6
OPID:002,OPID:013,FIPS:37001,ALAMANCE,08N,PSID:1158854655,precinct,6
OPID:002,OPID:013,FIPS:37001,ALAMANCE,08S,PSID:1158851773,precinct,6
OPID:002,OPID:013,FIPS:37001,ALAMANCE,09N,PSID:1158852379,precinct,6
OPID:002,OPID:013,FIPS:37001,ALAMANCE,09S,PSID:1158854351,precinct,6
OPID:002,OPID:013,FIPS:37001,ALAMANCE,103,PSID:1158848867,precinct,6
OPID:002,OPID:013,FIPS:37001,ALAMANCE,10N,PSID:1158854423,precinct,6
OPID:002,OPID:013,FIPS:37001,ALAMANCE,10S,PSID:1158854353,precinct,6
OPID:002,OPID:012,FIPS:37001,ALAMANCE,11,PSID:1158853003,precinct,4
OPID:002,OPID:013,FIPS:37001,ALAMANCE,1210,PSID:1158849651,precinct,6
OPID:002,OPID:013,FIPS:37001,ALAMANCE,124,PSID:1158849483,precinct,6
OPID:002,OPID:013,FIPS:37001,ALAMANCE,125,PSID:1158852511,precinct,6
OPID:002,OPID:013,FIPS:37001,ALAMANCE,126,PSID:1158854523,precinct,6
OPID:002,OPID:012,FIPS:37001,ALAMANCE,127,PSID:1158854075,precinct,4
OPID:002,OPID:012,FIPS:37001,ALAMANCE,128,PSID:1158851001,precinct,4
OPID:002,OPID:013,FIPS:37001,ALAMANCE,129,PSID:1158853075,precinct,6
OPID:002,OPID:012,FIPS:37001,ALAMANCE,12E,PSID:1158851797,precinct,4
OPID:002,OPID:012,FIPS:37001,ALAMANCE,12N,PSID:1158853479,precinct,4
OPID:002,OPID:012,FIPS:37001,ALAMANCE,12S,PSID:1158854793,precinct,4
OPID:002,OPID:013,FIPS:37001,ALAMANCE,12W,PSID:1158851089,precinct,6
OPID:002,OPID:012,FIPS:37001,ALAMANCE,13,PSID:1158849879,precinct,4
OPID:002,OPID:013,FIPS:37001,ALAMANCE,13,PSID:1158849879,precinct,6
OPID:002,OPID:014,FIPS:37101,JOHNSTON,PR04,PSID:1158853533,precinct,7
OPID:002,OPID:014,FIPS:37101,JOHNSTON,PR07,PSID:1158850349,precinct,7
OPID:002,OPID:014,FIPS:37101,JOHNSTON,PR08,PSID:1158850291,precinct,7
OPID:002,OPID:014,FIPS:37101,JOHNSTON,PR09,PSID:1158852693,precinct,7
OPID:002,OPID:014,FIPS:37101,JOHNSTON,PR10A,PSID:1158849935,precinct,7
OPID:002,OPID:014,FIPS:37101,JOHNSTON,PR10B,PSID:1158854395,precinct,7
OPID:002,OPID:014,FIPS:37101,JOHNSTON,PR11A,PSID:1158851127,precinct,7
OPID:002,OPID:014,FIPS:37101,JOHNSTON,PR11B,PSID:1158851275,precinct,7
OPID:002,OPID:014,FIPS:37101,JOHNSTON,PR12A,PSID:1158852281,precinct,7
OPID:002,OPID:014,FIPS:37101,JOHNSTON,PR12B,PSID:1158851381,precinct,7
OPID:002,OPID:014,FIPS:37101,JOHNSTON,PR13,PSID:1158852415,precinct,7
OPID:002,OPID:014,FIPS:37101,JOHNSTON,PR14,PSID:1158854003,precinct,7
OPID:002,OPID:014,FIPS:37101,JOHNSTON,PR19,PSID:1158854357,precinct,7
OPID:002,OPID:014,FIPS:37101,JOHNSTON,PR20,PSID:1158854881,precinct,7
OPID:002,OPID:014,FIPS:37101,JOHNSTON,PR21,PSID:1158855055,precinct,7
OPID:002,OPID:014,FIPS:37101,JOHNSTON,PR22,PSID:1158852521,precinct,7
OPID:002,OPID:014,FIPS:37101,JOHNSTON,PR23A,PSID:1158855013,precinct,7
OPID:002,OPID:014,FIPS:37101,JOHNSTON,PR23B,PSID:1158852209,precinct,7
OPID:002,OPID:014,FIPS:37101,JOHNSTON,PR24,PSID:1158850615,precinct,7
OPID:002,OPID:014,FIPS:37101,JOHNSTON,PR25,PSID:1158852401,precinct,7
OPID:002,OPID:014,FIPS:37101,JOHNSTON,PR26,PSID:1158851449,precinct,7
OPID:002,OPID:014,FIPS:37101,JOHNSTON,PR27A,PSID:1158852937,precinct,7
OPID:002,OPID:014,FIPS:37101,JOHNSTON,PR27B,PSID:1158852229,precinct,7
OPID:002,OPID:014,FIPS:37101,JOHNSTON,PR28,PSID:1158852215,precinct,7
OPID:002,OPID:014,FIPS:37101,JOHNSTON,PR29A,PSID:1158850771,precinct,7
OPID:002,OPID:014,FIPS:37101,JOHNSTON,PR29B,PSID:1158853551,precinct,7
OPID:002,OPID:014,FIPS:37101,JOHNSTON,PR30,PSID:1158855043,precinct,7
OPID:002,OPID:014,FIPS:37101,JOHNSTON,PR31A,PSID:1158851603,precinct,7
OPID:002,OPID:014,FIPS:37101,JOHNSTON,PR31B,PSID:1158852659,precinct,7
OPID:002,OPID:014,FIPS:37101,JOHNSTON,PR32,PSID:1158849139,precinct,7
OPID:002,OPID:014,FIPS:37101,JOHNSTON,PR33,PSID:1158849417,precinct,7
OPID:002,OPID:014,FIPS:37101,JOHNSTON,PR34,PSID:1158848977,precinct,7
OPID:002,OPID:014,FIPS:37101,JOHNSTON,PR35,PSID:1158853643,precinct,7
OPID:002,OPID:014,FIPS:37101,JOHNSTON,PR36,PSID:1158853423,precinct,7
OPID:002,OPID:014,FIPS:37101,JOHNSTON,PR37,PSID:1158853193,precinct,7
OPID:002,OPID:014,FIPS:37101,JOHNSTON,PR38,PSID:1158854233,precinct,7
OPID:003,OPID:016,FIPS:37001,ALAMANCE,01,PSID:1158854937,precinct,6
OPID:003,OPID:016,FIPS:37001,ALAMANCE,02,PSID:1158848961,precinct,6
OPID:003,OPID:016,FIPS:37001,ALAMANCE,035,PSID:1158850573,precinct,6
OPID:003,OPID:016,FIPS:37001,ALAMANCE,03C,PSID:1158854377,precinct,6
OPID:003,OPID:016,FIPS:37001,ALAMANCE,03N,PSID:1158852503,precinct,6
OPID:003,OPID:016,FIPS:37001,ALAMANCE,03N2,PSID:1158850109,precinct,6
OPID:003,OPID:016,FIPS:37001,ALAMANCE,03S,PSID:1158851219,precinct,6
OPID:003,OPID:016,FIPS:37001,ALAMANCE,03W,PSID:1158851533,precinct,6
OPID:003,OPID:016,FIPS:37001,ALAMANCE,04,PSID:1158849677,precinct,6
OPID:003,OPID:016,FIPS:37001,ALAMANCE,05,PSID:1158850461,precinct,6
OPID:003,OPID:016,FIPS:37001,ALAMANCE,063,PSID:1158852203,precinct,6
OPID:003,OPID:016,FIPS:37001,ALAMANCE,064,PSID:1158853493,precinct,6
OPID:003,OPID:016,FIPS:37001,ALAMANCE,06E,PSID:1158853567,precinct,6
OPID:003,OPID:016,FIPS:37001,ALAMANCE,06N,PSID:1158851971,precinct,6
OPID:003,OPID:016,FIPS:37001,ALAMANCE,06S,PSID:1158853279,precinct,6
OPID:003,OPID:016,FIPS:37001,ALAMANCE,06W,PSID:1158852823,precinct,6
OPID:003,OPID:016,FIPS:37001,ALAMANCE,07,PSID:1158850389,precinct,6
OPID:003,OPID:016,FIPS:37001,ALAMANCE,08N,PSID:1158854655,precinct,6
OPID:003,OPID:016,FIPS:37001,ALAMANCE,08S,PSID:1158851773,precinct,6
OPID:003,OPID:016,FIPS:37001,ALAMANCE,09N,PSID:1158852379,precinct,6
OPID:003,OPID:016,FIPS:37001,ALAMANCE,09S,PSID:1158854351,precinct,6
OPID:003,OPID:016,FIPS:37001,ALAMANCE,103,PSID:1158848867,precinct,6
OPID:003,OPID:016,FIPS:37001,ALAMANCE,10N,PSID:1158854423,precinct,6
OPID:003,OPID:016,FIPS:37001,ALAMANCE,10S,PSID:1158854353,precinct,6
OPID:003,OPID:016,FIPS:37001,ALAMANCE,11,PSID:1158853003,precinct,6
OPID:003,OPID:016,FIPS:37001,ALAMANCE,1210,PSID:1158849651,precinct,6
OPID:003,OPID:016,FIPS:37001,ALAMANCE,124,PSID:1158849483,precinct,6
OPID:003,OPID:016,FIPS:37001,ALAMANCE,125,PSID:1158852511,precinct,6
OPID:003,OPID:016,FIPS:37001,ALAMANCE,126,PSID:1158854523,precinct,6
OPID:003,OPID:016,FIPS:37001,ALAMANCE,127,PSID:1158854075,precinct,6
OPID:003,OPID:016,FIPS:37001,ALAMANCE,128,PSID:1158851001,precinct,6
OPID:003,OPID:016,FIPS:37001,ALAMANCE,129,PSID:1158853075,precinct,6
OPID:003,OPID:016,FIPS:37001,ALAMANCE,12E,PSID:1158851797,precinct,6
OPID:003,OPID:016,FIPS:37001,ALAMANCE,12N,PSID:1158853479,precinct,6
OPID:003,OPID:016,FIPS:37001,ALAMANCE,12S,PSID:1158854793,precinct,6
OPID:003,OPID:016,FIPS:37001,ALAMANCE,12W,PSID:1158851089,precinct,6
OPID:003,OPID:016,FIPS:37001,ALAMANCE,13,PSID:1158849879,precinct,6
OPID:003,OPID:015,FIPS:37101,JOHNSTON,ONE STOP ARCHER LODGE,PSID:1158855987,county,2
OPID:003,OPID:015,FIPS:37101,JOHNSTON,ONE STOP BENSON,PSID:1158855987,county,2
OPID:003,OPID:015,FIPS:37101,JOHNSTON,ONE STOP CLAYTON,PSID:1158855987,county,2
OPID:003,OPID:015,FIPS:37101,JOHNSTON,ONE STOP CLEVELAND,PSID:1158855987,county,2
OPID:003,OPID:015,FIPS:37101,JOHNSTON,ONE STOP SMITHFIELD,PSID:1158855987,county,2
OPID:003,OPID:017,FIPS:37101,JOHNSTON,ONE STOP ARCHER LODGE,PSID:1158855987,county,7
OPID:003,OPID:017,FIPS:37101,JOHNSTON,ONE STOP BENSON,PSID:1158855987,county,7
OPID:003,OPID:017,FIPS:37101,JOHNSTON,ONE STOP CLAYTON,PSID:1158855987,county,7
OPID:003,OPID:017,FIPS:37101,JOHNSTON,ONE STOP CLEVELAND,PSID:1158855987,county,7
OPID:003,OPID:017,FIPS:37101,JOHNSTON,ONE STOP SMITHFIELD,PSID:1158855987,county,7
OPID:003,OPID:017,FIPS:37101,JOHNSTON,PR04,PSID:1158853533,precinct,7
OPID:003,OPID:017,FIPS:37101,JOHNSTON,PR07,PSID:1158850349,precinct,7
OPID:003,OPID:017,FIPS:37101,JOHNSTON,PR08,PSID:1158850291,precinct,7
OPID:003,OPID:015,FIPS:37101,JOHNSTON,PR09,PSID:1158852693,precinct,2
OPID:003,OPID:015,FIPS:37101,JOHNSTON,PR10A,PSID:1158849935,precinct,2
OPID:003,OPID:015,FIPS:37101,JOHNSTON,PR10B,PSID:1158854395,precinct,2
OPID:003,OPID:015,FIPS:37101,JOHNSTON,PR11A,PSID:1158851127,precinct,2
OPID:003,OPID:015,FIPS:37101,JOHNSTON,PR11B,PSID:1158851275,precinct,2
OPID:003,OPID:015,FIPS:37101,JOHNSTON,PR12A,PSID:1158852281,precinct,2
OPID:003,OPID:015,FIPS:37101,JOHNSTON,PR12B,PSID:1158851381,precinct,2
OPID:003,OPID:017,FIPS:37101,JOHNSTON,PR13,PSID:1158852415,precinct,7
OPID:003,OPID:017,FIPS:37101,JOHNSTON,PR14,PSID:1158854003,precinct,7
OPID:003,OPID:015,FIPS:37101,JOHNSTON,PR19,PSID:1158854357,precinct,2
OPID:003,OPID:015,FIPS:37101,JOHNSTON,PR20,PSID:1158854881,precinct,2
OPID:003,OPID:015,FIPS:37101,JOHNSTON,PR21,PSID:1158855055,precinct,2
OPID:003,OPID:017,FIPS:37101,JOHNSTON,PR22,PSID:1158852521,precinct,7
OPID:003,OPID:017,FIPS:37101,JOHNSTON,PR23A,PSID:1158855013,precinct,7
OPID:003,OPID:017,FIPS:37101,JOHNSTON,PR23B,PSID:1158852209,precinct,7
OPID:003,OPID:015,FIPS:37101,JOHNSTON,PR24,PSID:1158850615,precinct,2
OPID:003,OPID:015,FIPS:37101,JOHNSTON,PR25,PSID:1158852401,precinct,2
OPID:003,OPID:017,FIPS:37101,JOHNSTON,PR26,PSID:1158851449,precinct,7
OPID:003,OPID:015,FIPS:37101,JOHNSTON,PR27A,PSID:1158852937,precinct,2
OPID:003,OPID:015,FIPS:37101,JOHNSTON,PR27B,PSID:1158852229,precinct,2
OPID:003,OPID:015,FIPS:37101,JOHNSTON,PR28,PSID:1158852215,precinct,2
OPID:003,OPID:015,FIPS:37101,JOHNSTON,PR29A,PSID:1158850771,precinct,2
OPID:003,OPID:015,FIPS:37101,JOHNSTON,PR29B,PSID:1158853551,precinct,2
OPID:003,OPID:015,FIPS:37101,JOHNSTON,PR30,PSID:1158855043,precinct,2
OPID:003,OPID:015,FIPS:37101,JOHNSTON,PR31A,PSID:1158851603,precinct,2
OPID:003,OPID:015,FIPS:37101,JOHNSTON,PR31B,PSID:1158852659,precinct,2
OPID:003,OPID:015,FIPS:37101,JOHNSTON,PR32,PSID:1158849139,precinct,2
OPID:003,OPID:017,FIPS:37101,JOHNSTON,PR33,PSID:1158849417,precinct,7
OPID:003,OPID:015,FIPS:37101,JOHNSTON,PR34,PSID:1158848977,precinct,2
OPID:003,OPID:017,FIPS:37101,JOHNSTON,PR35,PSID:1158853643,precinct,7
OPID:003,OPID:015,FIPS:37101,JOHNSTON,PR36,PSID:1158853423,precinct,2
OPID:003,OPID:017,FIPS:37101,JOHNSTON,PR36,PSID:1158853423,precinct,7
OPID:003,OPID:017,FIPS:37101,JOHNSTON,PR37,PSID:1158853193,precinct,7
OPID:003,OPID:017,FIPS:37101,JOHNSTON,PR38,PSID:1158854233,precinct,7