shape_id,shape_geometry
PSID:1360703413,POLYGON
PSID:1360703415,POLYGON
PSID:1360703411,POLYGON
PSID:1360703409,POLYGON
PSID:1360703401,POLYGON
PSID:1360703405,POLYGON
PSID:1360703407,POLYGON
PSID:1158855987,POLYGON
PSID:1158855845,POLYGON
PSID:1158853193,POLYGON
PSID:1158853533,POLYGON
PSID:1158854937,POLYGON
PSID:1158854233,POLYGON
PSID:1158853003,POLYGON
PSID:1158853423,POLYGON
PSID:1158854881,POLYGON
PSID:1158853643,POLYGON
PSID:1158850349,POLYGON
PSID:1158849677,POLYGON
PSID:1158850461,POLYGON
PSID:1158855055,POLYGON
PSID:1158854655,POLYGON
PSID:1158851773,POLYGON
PSID:1158848961,POLYGON
PSID:1158854351,POLYGON
PSID:1158850291,POLYGON
PSID:1158851449,POLYGON
PSID:1158854003,POLYGON
PSID:1158852415,POLYGON
PSID:1158854357,POLYGON
PSID:1158852215,POLYGON
PSID:1158849139,POLYGON
PSID:1158850389,POLYGON
PSID:1158849417,POLYGON
PSID:1158850771,POLYGON
PSID:1158855043,POLYGON
PSID:1158852521,POLYGON
PSID:1158853551,POLYGON
PSID:1158852401,POLYGON
PSID:1158849879,MULTIPOLYGON
PSID:1158852693,POLYGON
PSID:1158852229,POLYGON
PSID:1158848977,POLYGON
PSID:1158852209,POLYGON
PSID:1158848867,POLYGON
PSID:1158850615,POLYGON
PSID:1158852659,POLYGON
PSID:1158855013,POLYGON
PSID:1158850573,POLYGON
PSID:1158852281,POLYGON
PSID:1158851381,POLYGON
PSID:1158854395,POLYGON
PSID:1158851219,POLYGON
PSID:1158854353,POLYGON
PSID:1158851603,POLYGON
PSID:1158854423,POLYGON
PSID:1158851127,POLYGON
PSID:1158851275,POLYGON
PSID:1158853493,POLYGON
PSID:1158853075,POLYGON
PSID:1158852379,POLYGON
PSID:1158854075,POLYGON
PSID:1158853279,POLYGON
PSID:1158849935,POLYGON
PSID:1158852937,POLYGON
PSID:1158853479,POLYGON
PSID:1158853567,POLYGON
PSID:1158851533,POLYGON
PSID:1158852203,POLYGON
PSID:1158852503,POLYGON
PSID:1158854377,POLYGON
PSID:1158851971,POLYGON
PSID:1158852511,POLYGON
PSID:1158851001,POLYGON
PSID:1158854523,POLYGON
PSID:1158849651,POLYGON
PSID:1158851797,POLYGON
PSID:1158851089,POLYGON
PSID:1158849483,POLYGON
PSID:1158854793,POLYGON
PSID:1158852823,POLYGON
PSID:1158850109,POLYGON
