source_id,source_name,source_url
OPID:1360711301,NC State Board of Elections,https://dl.ncsbe.gov/index.html?prefix=PrecinctMaps/
OPID:1360711303,U.S. Census TIGER/Line,https://www.census.gov/geo/maps-data/data/tiger-line.html
OPID:1360711307,Ballotpedia,"https://ballotpedia.org/United_States_House_of_Representatives_elections_in_North_Carolina,_2012"
OPID:1360711309,Ballotpedia,"https://ballotpedia.org/United_States_House_of_Representatives_elections_in_North_Carolina,_2014"
OPID:1360711311,Ballotpedia,"https://ballotpedia.org/United_States_House_of_Representatives_elections_in_North_Carolina,_2016"